{"meta": {"input_name": "mnist_test_0", "original_label": 7, "attack_label": null, "is_finish": true, "is_timeout": false, "solve_all_ctr": false}, "total": {"total_wall_time": 553.4925630092621, "total_cpu_time": 5.5727948, "total_iter": 5}, "iters": {"sat": [0, 1, 1, 1, 1, 1], "unsat": [0, 0, 0, 6, 8, 6], "unknown": [0, 0, 0, 0, 0, 0], "gen_constraint": [993, 985, 338, 971, 0, 964], "solve_constraint": [0, 1, 1, 7, 9, 7], "iter_wall_time": [94.26787257194519, 100.52198791503906, 81.5128767490387, 106.26514554023743, 12.207648277282715, 100.59232497215271], "iter_cpu_time": [0.60714, 0.7131121, 0.7734138999999998, 0.9512037999999996, 0.8856122999999996, 1.5968773], "execute_wall_time": [94.26783919334412, 100.41083598136902, 81.3650016784668, 105.75413513183594, 10.843950986862183, 99.12466502189636], "execute_cpu_time": [0.6071143999999999, 0.6997933999999999, 0.7558938, 0.9400689000000004, 0.8481422000000003, 1.5587839000000008], "solve_constraint_wall_time": [0, 0.1111137866973877, 0.1478288173675537, 0.5109608173370361, 1.3636488914489746, 1.4676003456115723, 0.13298606872558594], "solve_constraint_cpu_time": [0, 0.013282800000000039, 0.01748700000000003, 0.011091500000000032, 0.037433599999999956, 0.038042700000000096, 0.00361870000000053]}, "constraint_complexity": {"type": ["sat", "sat", "unsat", "unsat", "unsat", "unsat", "unsat", "unsat", "sat", "unsat", "unsat", "unsat", "unsat", "unsat", "unsat", "unsat", "unsat", "sat", "unsat", "unsat", "unsat", "unsat", "unsat", "unsat", "sat", "sat"], "time": [0.09883761405944824, 0.1391456127166748, 0.07074475288391113, 0.08933067321777344, 0.07564163208007812, 0.06353211402893066, 0.06110835075378418, 0.04861617088317871, 0.09864020347595215, 0.1070549488067627, 0.08814239501953125, 0.13572359085083008, 0.12958383560180664, 0.15069890022277832, 0.11561250686645508, 0.2073802947998047, 0.20614910125732422, 0.19560790061950684, 0.2428896427154541, 0.2618684768676758, 0.1627504825592041, 0.20601367950439453, 0.19377994537353516, 0.13575291633605957, 0.20020818710327148, 0.1307380199432373], "byte": [3866, 3952, 4056, 4138, 4246, 4328, 4431, 4512, 4657, 4776, 4879, 4960, 5067, 5148, 5255, 5336, 5481, 5604, 5711, 5792, 5899, 5980, 6083, 6164, 6309, 6432], "assert_num": [33, 34, 35, 36, 37, 38, 39, 40, 41, 42, 43, 44, 45, 46, 47, 48, 49, 50, 51, 52, 53, 54, 55, 56, 57, 58], "assert_len": [[97, 54, 52, 52, 52, 52, 52, 54, 54, 54, 56, 54, 56, 54, 56, 56, 56, 56, 54, 54, 56, 54, 56, 56, 54, 54, 54, 54, 56, 54, 54, 56, 56], [91, 91, 54, 52, 52, 52, 52, 52, 54, 54, 54, 56, 54, 56, 54, 56, 56, 56, 56, 54, 54, 56, 54, 56, 56, 54, 54, 54, 54, 56, 54, 54, 56, 56], [91, 97, 97, 54, 52, 52, 52, 52, 52, 54, 54, 54, 56, 54, 56, 54, 56, 56, 56, 56, 54, 54, 56, 54, 56, 56, 54, 54, 54, 54, 56, 54, 54, 56, 56], [91, 97, 91, 87, 54, 52, 52, 52, 52, 52, 54, 54, 54, 56, 54, 56, 54, 56, 56, 56, 56, 54, 54, 56, 54, 56, 56, 54, 54, 54, 54, 56, 54, 54, 56, 56], [91, 97, 91, 93, 101, 54, 52, 52, 52, 52, 52, 54, 54, 54, 56, 54, 56, 54, 56, 56, 56, 56, 54, 54, 56, 54, 56, 56, 54, 54, 54, 54, 56, 54, 54, 56, 56], [91, 97, 91, 93, 95, 87, 54, 52, 52, 52, 52, 52, 54, 54, 54, 56, 54, 56, 54, 56, 56, 56, 56, 54, 54, 56, 54, 56, 56, 54, 54, 54, 54, 56, 54, 54, 56, 56], [91, 97, 91, 93, 95, 93, 96, 54, 52, 52, 52, 52, 52, 54, 54, 54, 56, 54, 56, 54, 56, 56, 56, 56, 54, 54, 56, 54, 56, 56, 54, 54, 54, 54, 56, 54, 54, 56, 56], [91, 97, 91, 93, 95, 93, 90, 86, 54, 52, 52, 52, 52, 52, 54, 54, 54, 56, 54, 56, 54, 56, 56, 56, 56, 54, 54, 56, 54, 56, 56, 54, 54, 54, 54, 56, 54, 54, 56, 56], [91, 97, 91, 93, 95, 93, 90, 92, 138, 54, 52, 52, 52, 52, 52, 54, 54, 54, 56, 54, 56, 54, 56, 56, 56, 56, 54, 54, 56, 54, 56, 56, 54, 54, 54, 54, 56, 54, 54, 56, 56], [91, 97, 91, 93, 95, 93, 90, 92, 132, 124, 54, 52, 52, 52, 52, 52, 54, 54, 54, 56, 54, 56, 54, 56, 56, 56, 56, 54, 54, 56, 54, 56, 56, 54, 54, 54, 54, 56, 54, 54, 56, 56], [91, 97, 91, 93, 95, 93, 90, 92, 132, 130, 96, 54, 52, 52, 52, 52, 52, 54, 54, 54, 56, 54, 56, 54, 56, 56, 56, 56, 54, 54, 56, 54, 56, 56, 54, 54, 54, 54, 56, 54, 54, 56, 56], [91, 97, 91, 93, 95, 93, 90, 92, 132, 130, 90, 86, 54, 52, 52, 52, 52, 52, 54, 54, 54, 56, 54, 56, 54, 56, 56, 56, 56, 54, 54, 56, 54, 56, 56, 54, 54, 54, 54, 56, 54, 54, 56, 56], [91, 97, 91, 93, 95, 93, 90, 92, 132, 130, 90, 92, 100, 54, 52, 52, 52, 52, 52, 54, 54, 54, 56, 54, 56, 54, 56, 56, 56, 56, 54, 54, 56, 54, 56, 56, 54, 54, 54, 54, 56, 54, 54, 56, 56], [91, 97, 91, 93, 95, 93, 90, 92, 132, 130, 90, 92, 94, 86, 54, 52, 52, 52, 52, 52, 54, 54, 54, 56, 54, 56, 54, 56, 56, 56, 56, 54, 54, 56, 54, 56, 56, 54, 54, 54, 54, 56, 54, 54, 56, 56], [91, 97, 91, 93, 95, 93, 90, 92, 132, 130, 90, 92, 94, 92, 100, 54, 52, 52, 52, 52, 52, 54, 54, 54, 56, 54, 56, 54, 56, 56, 56, 56, 54, 54, 56, 54, 56, 56, 54, 54, 54, 54, 56, 54, 54, 56, 56], [91, 97, 91, 93, 95, 93, 90, 92, 132, 130, 90, 92, 94, 92, 94, 86, 54, 52, 52, 52, 52, 52, 54, 54, 54, 56, 54, 56, 54, 56, 56, 56, 56, 54, 54, 56, 54, 56, 56, 54, 54, 54, 54, 56, 54, 54, 56, 56], [91, 97, 91, 93, 95, 93, 90, 92, 132, 130, 90, 92, 94, 92, 94, 92, 138, 54, 52, 52, 52, 52, 52, 54, 54, 54, 56, 54, 56, 54, 56, 56, 56, 56, 54, 54, 56, 54, 56, 56, 54, 54, 54, 54, 56, 54, 54, 56, 56], [91, 97, 91, 93, 95, 93, 90, 92, 132, 130, 90, 92, 94, 92, 94, 92, 132, 128, 54, 52, 52, 52, 52, 52, 54, 54, 54, 56, 54, 56, 54, 56, 56, 56, 56, 54, 54, 56, 54, 56, 56, 54, 54, 54, 54, 56, 54, 54, 56, 56], [91, 97, 91, 93, 95, 93, 90, 92, 132, 130, 90, 92, 94, 92, 94, 92, 132, 134, 100, 54, 52, 52, 52, 52, 52, 54, 54, 54, 56, 54, 56, 54, 56, 56, 56, 56, 54, 54, 56, 54, 56, 56, 54, 54, 54, 54, 56, 54, 54, 56, 56], [91, 97, 91, 93, 95, 93, 90, 92, 132, 130, 90, 92, 94, 92, 94, 92, 132, 134, 94, 86, 54, 52, 52, 52, 52, 52, 54, 54, 54, 56, 54, 56, 54, 56, 56, 56, 56, 54, 54, 56, 54, 56, 56, 54, 54, 54, 54, 56, 54, 54, 56, 56], [91, 97, 91, 93, 95, 93, 90, 92, 132, 130, 90, 92, 94, 92, 94, 92, 132, 134, 94, 92, 100, 54, 52, 52, 52, 52, 52, 54, 54, 54, 56, 54, 56, 54, 56, 56, 56, 56, 54, 54, 56, 54, 56, 56, 54, 54, 54, 54, 56, 54, 54, 56, 56], [91, 97, 91, 93, 95, 93, 90, 92, 132, 130, 90, 92, 94, 92, 94, 92, 132, 134, 94, 92, 94, 86, 54, 52, 52, 52, 52, 52, 54, 54, 54, 56, 54, 56, 54, 56, 56, 56, 56, 54, 54, 56, 54, 56, 56, 54, 54, 54, 54, 56, 54, 54, 56, 56], [91, 97, 91, 93, 95, 93, 90, 92, 132, 130, 90, 92, 94, 92, 94, 92, 132, 134, 94, 92, 94, 92, 96, 54, 52, 52, 52, 52, 52, 54, 54, 54, 56, 54, 56, 54, 56, 56, 56, 56, 54, 54, 56, 54, 56, 56, 54, 54, 54, 54, 56, 54, 54, 56, 56], [91, 97, 91, 93, 95, 93, 90, 92, 132, 130, 90, 92, 94, 92, 94, 92, 132, 134, 94, 92, 94, 92, 90, 86, 54, 52, 52, 52, 52, 52, 54, 54, 54, 56, 54, 56, 54, 56, 56, 56, 56, 54, 54, 56, 54, 56, 56, 54, 54, 54, 54, 56, 54, 54, 56, 56], [91, 97, 91, 93, 95, 93, 90, 92, 132, 130, 90, 92, 94, 92, 94, 92, 132, 134, 94, 92, 94, 92, 90, 92, 138, 54, 52, 52, 52, 52, 52, 54, 54, 54, 56, 54, 56, 54, 56, 56, 56, 56, 54, 54, 56, 54, 56, 56, 54, 54, 54, 54, 56, 54, 54, 56, 56], [91, 97, 91, 93, 95, 93, 90, 92, 132, 130, 90, 92, 94, 92, 94, 92, 132, 134, 94, 92, 94, 92, 90, 92, 132, 128, 54, 52, 52, 52, 52, 52, 54, 54, 54, 56, 54, 56, 54, 56, 56, 56, 56, 54, 54, 56, 54, 56, 56, 54, 54, 54, 54, 56, 54, 54, 56, 56]]}}