{"meta": {"input_name": "mnist_test_0", "original_label": 7, "attack_label": null, "is_finish": true, "is_timeout": false, "solve_all_ctr": false}, "total": {"total_wall_time": 552.1712119579315, "total_cpu_time": 1.7440330999999998, "total_iter": 2}, "iters": {"sat": [0, 1, 1], "unsat": [0, 2, 0], "unknown": [0, 0, 0], "gen_constraint": [1285, 1274, 373], "solve_constraint": [0, 3, 1], "iter_wall_time": [155.2795329093933, 170.58295392990112, 119.50954723358154], "iter_cpu_time": [0.5566127000000001, 0.4982755000000001, 0.6429737999999998], "execute_wall_time": [155.27949953079224, 170.19430255889893, 119.42954659461975], "execute_cpu_time": [0.5565864999999999, 0.4882245999999999, 0.6396752000000001], "solve_constraint_wall_time": [0, 0.3885807991027832, 0.0799415111541748, 0.5106675624847412], "solve_constraint_cpu_time": [0, 0.00999490000000014, 0.0032525000000001025, 0.020994599999999863]}, "constraint_complexity": {"type": ["unsat", "unsat", "sat", "sat", "unsat", "unsat", "unsat", "sat"], "time": [0.16156506538391113, 0.128556489944458, 0.09434723854064941, 0.07818937301635742, 0.1473679542541504, 0.1620802879333496, 0.10740542411804199, 0.09105873107910156], "byte": [5753, 5834, 5938, 6024, 6128, 6210, 6357, 6482], "assert_num": [49, 50, 51, 52, 53, 54, 55, 56], "assert_len": [[100, 54, 54, 52, 52, 52, 52, 52, 52, 52, 54, 54, 54, 54, 54, 56, 54, 56, 56, 54, 56, 56, 56, 56, 56, 56, 56, 54, 54, 56, 56, 56, 54, 56, 56, 54, 54, 56, 56, 54, 54, 54, 56, 54, 56, 54, 54, 56, 56], [94, 86, 54, 54, 52, 52, 52, 52, 52, 52, 52, 54, 54, 54, 54, 54, 56, 54, 56, 56, 54, 56, 56, 56, 56, 56, 56, 56, 54, 54, 56, 56, 56, 54, 56, 56, 54, 54, 56, 56, 54, 54, 54, 56, 54, 56, 54, 54, 56, 56], [94, 92, 97, 54, 54, 52, 52, 52, 52, 52, 52, 52, 54, 54, 54, 54, 54, 56, 54, 56, 56, 54, 56, 56, 56, 56, 56, 56, 56, 54, 54, 56, 56, 56, 54, 56, 56, 54, 54, 56, 56, 54, 54, 54, 56, 54, 56, 54, 54, 56, 56], [94, 92, 91, 91, 54, 54, 52, 52, 52, 52, 52, 52, 52, 54, 54, 54, 54, 54, 56, 54, 56, 56, 54, 56, 56, 56, 56, 56, 56, 56, 54, 54, 56, 56, 56, 54, 56, 56, 54, 54, 56, 56, 54, 54, 54, 56, 54, 56, 54, 54, 56, 56], [94, 92, 91, 97, 97, 54, 54, 52, 52, 52, 52, 52, 52, 52, 54, 54, 54, 54, 54, 56, 54, 56, 56, 54, 56, 56, 56, 56, 56, 56, 56, 54, 54, 56, 56, 56, 54, 56, 56, 54, 54, 56, 56, 54, 54, 54, 56, 54, 56, 54, 54, 56, 56], [94, 92, 91, 97, 91, 87, 54, 54, 52, 52, 52, 52, 52, 52, 52, 54, 54, 54, 54, 54, 56, 54, 56, 56, 54, 56, 56, 56, 56, 56, 56, 56, 54, 54, 56, 56, 56, 54, 56, 56, 54, 54, 56, 56, 54, 54, 54, 56, 54, 56, 54, 54, 56, 56], [94, 92, 91, 97, 91, 93, 140, 54, 54, 52, 52, 52, 52, 52, 52, 52, 54, 54, 54, 54, 54, 56, 54, 56, 56, 54, 56, 56, 56, 56, 56, 56, 56, 54, 54, 56, 56, 56, 54, 56, 56, 54, 54, 56, 56, 54, 54, 54, 56, 54, 56, 54, 54, 56, 56], [94, 92, 91, 97, 91, 93, 134, 130, 54, 54, 52, 52, 52, 52, 52, 52, 52, 54, 54, 54, 54, 54, 56, 54, 56, 56, 54, 56, 56, 56, 56, 56, 56, 56, 54, 54, 56, 56, 56, 54, 56, 56, 54, 54, 56, 56, 54, 54, 54, 56, 54, 56, 54, 54, 56, 56]]}}