{"meta": {"input_name": "mnist_test_0", "original_label": 7, "attack_label": null, "is_finish": true, "is_timeout": false, "solve_all_ctr": false}, "total": {"total_wall_time": 550.8385829925537, "total_cpu_time": 1.3213879, "total_iter": 1}, "iters": {"sat": [0, 1], "unsat": [0, 2], "unknown": [0, 0], "gen_constraint": [1545, 1536], "solve_constraint": [0, 3], "iter_wall_time": [213.5660228729248, 239.25910186767578], "iter_cpu_time": [0.514436, 0.7560829999999998], "execute_wall_time": [213.56598043441772, 238.61058115959167], "execute_cpu_time": [0.5144009999999999, 0.7205960999999999], "solve_constraint_wall_time": [0, 0.6484551429748535, 0.22758126258850098], "solve_constraint_cpu_time": [0, 0.03543340000000006, 0.0036021000000001635]}, "constraint_complexity": {"type": ["unsat", "unsat", "sat", "sat"], "time": [0.1634206771850586, 0.20951008796691895, 0.24257230758666992, 0.22562813758850098], "byte": [7637, 7718, 7861, 7990], "assert_num": [65, 66, 67, 68], "assert_len": [[100, 54, 54, 54, 54, 52, 52, 52, 54, 52, 52, 52, 52, 54, 54, 54, 54, 54, 54, 56, 54, 56, 56, 56, 54, 56, 56, 56, 54, 56, 56, 54, 56, 56, 56, 54, 54, 56, 56, 56, 56, 54, 54, 56, 56, 56, 54, 54, 56, 56, 54, 56, 54, 54, 54, 56, 56, 54, 56, 56, 54, 54, 54, 56, 56], [94, 86, 54, 54, 54, 54, 52, 52, 52, 54, 52, 52, 52, 52, 54, 54, 54, 54, 54, 54, 56, 54, 56, 56, 56, 54, 56, 56, 56, 54, 56, 56, 54, 56, 56, 56, 54, 54, 56, 56, 56, 56, 54, 54, 56, 56, 56, 54, 54, 56, 56, 54, 56, 54, 54, 54, 56, 56, 54, 56, 56, 54, 54, 54, 56, 56], [94, 92, 136, 54, 54, 54, 54, 52, 52, 52, 54, 52, 52, 52, 52, 54, 54, 54, 54, 54, 54, 56, 54, 56, 56, 56, 54, 56, 56, 56, 54, 56, 56, 54, 56, 56, 56, 54, 54, 56, 56, 56, 56, 54, 54, 56, 56, 56, 54, 54, 56, 56, 54, 56, 54, 54, 54, 56, 56, 54, 56, 56, 54, 54, 54, 56, 56], [94, 92, 130, 134, 54, 54, 54, 54, 52, 52, 52, 54, 52, 52, 52, 52, 54, 54, 54, 54, 54, 54, 56, 54, 56, 56, 56, 54, 56, 56, 56, 54, 56, 56, 54, 56, 56, 56, 54, 54, 56, 56, 56, 56, 54, 54, 56, 56, 56, 54, 54, 56, 56, 54, 56, 54, 54, 54, 56, 56, 54, 56, 56, 54, 54, 54, 56, 56]]}}